id,supplier,item,description,cost,status,date
REQ10851,CrowdStrike Inc,T@n1um + MICROSFT 365 E5 + Z $ c a l e r   I A,"Historical systems such as WizShield will be phased out in favour of newer solutions. This order is intended to strengthen defences in the Americas region and includes provisions for both TANIUMMGMT and ZSCALER INTERNET ACCESS. As part of our strategic initiative for FY2023, CrowdStrike Inc has been engaged to address recent audit findings. Technical integration will be performed in Q2, with expected go-live by 2023-10-13. Additional consideration was given to compliance with GDPR, ISO 27001, and SOC 2 controls.",380609.65,PENDING,2025-05-15
REQ20458,Tanium Inc,C i s c o   F P 2 K + TaniumMgmt + M_i_c_r_o_s_o_f_t_3_6_5_E5,"This order is intended to strengthen defences in the EMEA region and includes provisions for both FIREPOWER 2K SERIES and O 3 6 5   E 5. Technical integration will be performed in Q1, with expected go-live by 2025-02-17. Historical systems such as WizShield will be phased out in favour of newer solutions. Additional consideration was given to compliance with GDPR, ISO 27001, and SOC 2 controls. As part of our strategic initiative for FY2023, Tanium Inc has been engaged to address recent audit findings.",428382.27,DRAFT,2025-02-17
REQ62581,WWT,C1sc0 FP-2100 + tanium endpoint + Tanium ™,"This order is intended to strengthen defences in the EMEA region and includes provisions for both appliance de seguridad and ZSCALER INTERNET ACCESS. Additional consideration was given to compliance with GDPR, ISO 27001, and SOC 2 controls. Technical integration will be performed in Q2, with expected go-live by 2024-06-30. As part of our strategic initiative for FY2024, WWT has been engaged to address recent audit findings. Historical systems such as WizShield will be phased out in favour of newer solutions.",137531.73,PENDING,2024-10-06
REQ65333,WWT,CS F@lc0n + TANIUM + W i z D e f n d,"Technical integration will be performed in Q3, with expected go-live by 2023-10-13. Additional consideration was given to compliance with GDPR, ISO 27001, and SOC 2 controls. Historical systems such as Palo Alto Networks FW-5000 will be phased out in favour of newer solutions. This order is intended to strengthen defences in the Americas region and includes provisions for both 端点安全 and Firepower 2K series ™. As part of our strategic initiative for FY2023, WWT has been engaged to address recent audit findings.",300222.47,ORDERED,2025-02-20
REQ80697,Cisco Systems,Wiz_Defnd + Z$c@ler IA,"This order is intended to strengthen defences in the APAC region and includes provisions for both wizdefnd and zscaler internet access. Additional consideration was given to compliance with GDPR, ISO 27001, and SOC 2 controls. Technical integration will be performed in Q1, with expected go-live by 2024-06-30. Historical systems such as Legacy Firewall will be phased out in favour of newer solutions. As part of our strategic initiative for FY2025, WWT has been engaged to address recent audit findings.",476982.38,DRAFT,2024-10-25
REQ80686,Microsoft Corp,W1z Cl0ud + taniummgmt,"As part of our strategic initiative for FY2023, Microsoft Corp has been engaged to address recent audit findings. Additional consideration was given to compliance with GDPR, ISO 27001, and SOC 2 controls. Technical integration will be performed in Q1, with expected go-live by 2024-05-08. Historical systems such as WizShield will be phased out in favour of newer solutions. This order is intended to strengthen defences in the APAC region and includes provisions for both cloud posture management and taniummgmt.",378856.27,PENDING,2024-09-30
REQ27342,Zscaler Inc,Wiz Cloud ™ + M1cr0s0ft E5 + C S   F a l c o n,"As part of our strategic initiative for FY2023, Zscaler Inc has been engaged to address recent audit findings. Historical systems such as Palo Alto Networks FW-5000 will be phased out in favour of newer solutions. Technical integration will be performed in Q2, with expected go-live by 2024-04-05. This order is intended to strengthen defences in the Americas region and includes provisions for both WIZ CL0UD and MICROSFT 365 E5. Additional consideration was given to compliance with GDPR, ISO 27001, and SOC 2 controls.",363059.52,ORDERED,2024-05-12
REQ19880,WWT,Zscaler IA ™ + O 3 6 5   E 5 + Cr0wdStr1ke EDR,"As part of our strategic initiative for FY2023, WWT has been engaged to address recent audit findings. Historical systems such as Legacy Firewall will be phased out in favour of newer solutions. Additional consideration was given to compliance with GDPR, ISO 27001, and SOC 2 controls. This order is intended to strengthen defences in the EMEA region and includes provisions for both Z $ c a l e r   I A and Wiz Cl0ud ™. Technical integration will be performed in Q4, with expected go-live by 2024-12-26.",224349.72,DRAFT,2023-04-14
REQ17665,Microsoft Corp,tanium endpoint + wizcld,"This order is intended to strengthen defences in the EMEA region and includes provisions for both endpoint management platform and crowdstrik flacon. Historical systems such as Old Endpoint Protection will be phased out in favour of newer solutions. As part of our strategic initiative for FY2024, Microsoft Corp has been engaged to address recent audit findings. Technical integration will be performed in Q4, with expected go-live by 2025-09-12. Additional consideration was given to compliance with GDPR, ISO 27001, and SOC 2 controls.",291694.24,DRAFT,2024-10-04
REQ51180,Microsoft Corp,MICROSFT 365 E5 + T a n i u m M g m t,"Additional consideration was given to compliance with GDPR, ISO 27001, and SOC 2 controls. As part of our strategic initiative for FY2023, Microsoft Corp has been engaged to address recent audit findings. This order is intended to strengthen defences in the APAC region and includes provisions for both 套件 and crowdstrik flacon. Historical systems such as Old Endpoint Protection will be phased out in favour of newer solutions. Technical integration will be performed in Q1, with expected go-live by 2024-01-16.",123149.55,ORDERED,2023-09-26
REQ23577,Tanium Inc,Tanium_Endpoint + microsft 365 e5 + CS FALCON,"Technical integration will be performed in Q4, with expected go-live by 2023-07-24. This order is intended to strengthen defences in the APAC region and includes provisions for both 端点管理系统 and O365 E5. Historical systems such as Legacy Firewall will be phased out in favour of newer solutions. As part of our strategic initiative for FY2023, Tanium Inc has been engaged to address recent audit findings. Additional consideration was given to compliance with GDPR, ISO 27001, and SOC 2 controls.",469770.35,PENDING,2024-06-25
REQ66057,CrowdStrike Inc,MS_365_E5 + C r o w d S t r i k e   F a l c o n,"Technical integration will be performed in Q2, with expected go-live by 2024-12-03. Additional consideration was given to compliance with GDPR, ISO 27001, and SOC 2 controls. As part of our strategic initiative for FY2024, CrowdStrike Inc has been engaged to address recent audit findings. Historical systems such as WizShield will be phased out in favour of newer solutions. This order is intended to strengthen defences in the EMEA region and includes provisions for both licencia empresarial en la nube and Cisco_FP2K.",282648.9,DRAFT,2023-06-04
REQ13248,Cisco Systems,Tanium + z$caler ia,"Technical integration will be performed in Q2, with expected go-live by 2025-05-30. Historical systems such as WizShield will be phased out in favour of newer solutions. As part of our strategic initiative for FY2025, Cisco Systems has been engaged to address recent audit findings. Additional consideration was given to compliance with GDPR, ISO 27001, and SOC 2 controls. This order is intended to strengthen defences in the EMEA region and includes provisions for both T a n i u m   E n d p o i n t and CS F@lc0n.",93783.53,CANCELLED,2025-04-23
REQ25118,Wiz Inc,Z$c@ler IA + MS_365_E5 + O365_E5,"As part of our strategic initiative for FY2024, Wiz Inc has been engaged to address recent audit findings. This order is intended to strengthen defences in the EMEA region and includes provisions for both Zscaler_IA and CS F@lc0n. Historical systems such as Legacy Firewall will be phased out in favour of newer solutions. Technical integration will be performed in Q1, with expected go-live by 2025-08-21. Additional consideration was given to compliance with GDPR, ISO 27001, and SOC 2 controls.",439134.01,CANCELLED,2024-01-01
REQ91678,Zscaler Inc,Wiz Defend ™ + C i s c o   F P 2 K,"As part of our strategic initiative for FY2024, Tanium Inc has been engaged to address recent audit findings. Historical systems such as Palo Alto Networks FW-5000 will be phased out in favour of newer solutions. Technical integration will be performed in Q3, with expected go-live by 2025-06-12. This order is intended to strengthen defences in the EMEA region and includes provisions for both cloud defense module and TANIUM ENDPOINT. Additional consideration was given to compliance with GDPR, ISO 27001, and SOC 2 controls.",160388.24,DRAFT,2024-09-07
REQ77000,Tanium Inc,Wiz_Defend + W1zCld + TANIUM ENDPOINT,"As part of our strategic initiative for FY2025, Tanium Inc has been engaged to address recent audit findings. Additional consideration was given to compliance with GDPR, ISO 27001, and SOC 2 controls. This order is intended to strengthen defences in the APAC region and includes provisions for both WizDefnd ™ and CROWDSTRIK FLACON. Technical integration will be performed in Q3, with expected go-live by 2023-09-18. Historical systems such as Palo Alto Networks FW-5000 will be phased out in favour of newer solutions.",239227.16,PENDING,2023-06-23
REQ25906,Wiz Inc,Cisco FP-2100 ™ + z$caler ia + tanium endpoint + crowdstrike falcon,"As part of our strategic initiative for FY2023, Zscaler Inc has been engaged to address recent audit findings. Technical integration will be performed in Q2, with expected go-live by 2023-10-29. Historical systems such as WizShield will be phased out in favour of newer solutions. Additional consideration was given to compliance with GDPR, ISO 27001, and SOC 2 controls. This order is intended to strengthen defences in the EMEA region and includes provisions for both CISCO FP2K and microsoft e5.",230948.6,ORDERED,2025-12-23
REQ30028,Zscaler Inc,W1z Defnd + tanium endpoint + Wiz Cloud ™ + Firepower_2K_series,"This order is intended to strengthen defences in the Americas region and includes provisions for both módulo de defensa en la nube and Zsc@ler IA. Historical systems such as Palo Alto Networks FW-5000 will be phased out in favour of newer solutions. Technical integration will be performed in Q4, with expected go-live by 2023-11-22. As part of our strategic initiative for FY2025, Zscaler Inc has been engaged to address recent audit findings. Additional consideration was given to compliance with GDPR, ISO 27001, and SOC 2 controls.",354677.48,DRAFT,2025-04-29
REQ73654,Zscaler Inc,WizCld + wizdefnd + M i c r o s o f t 3 6 5 E5 ™,"Historical systems such as Palo Alto Networks FW-5000 will be phased out in favour of newer solutions. As part of our strategic initiative for FY2023, Zscaler Inc has been engaged to address recent audit findings. Technical integration will be performed in Q2, with expected go-live by 2025-05-10. This order is intended to strengthen defences in the APAC region and includes provisions for both 云安全平台 and W i z   D e f n d. Additional consideration was given to compliance with GDPR, ISO 27001, and SOC 2 controls.",19367.29,CANCELLED,2025-04-08
REQ95426,Cisco Systems,Tanium_Endpoint + firepower 2k series + cs falcon + M S   3 6 5   E 5,"Historical systems such as Legacy Firewall will be phased out in favour of newer solutions. Technical integration will be performed in Q1, with expected go-live by 2023-06-21. This order is intended to strengthen defences in the EMEA region and includes provisions for both T@n1um Endp01nt and Zscaler_Internet_Access. As part of our strategic initiative for FY2024, Cisco Systems has been engaged to address recent audit findings. Additional consideration was given to compliance with GDPR, ISO 27001, and SOC 2 controls.",24927.78,DRAFT,2024-05-21
REQ23356,Wiz Inc,C S   F a l c o n + Cisco_Firepower_2000_Series,"This order is intended to strengthen defences in the EMEA region and includes provisions for both protección de puntos finales and WIZ DEFEND. As part of our strategic initiative for FY2024, Microsoft Corp has been engaged to address recent audit findings. Historical systems such as Old Endpoint Protection will be phased out in favour of newer solutions. Additional consideration was given to compliance with GDPR, ISO 27001, and SOC 2 controls. Technical integration will be performed in Q1, with expected go-live by 2024-03-22.",350110.54,CANCELLED,2023-09-05
REQ87656,Microsoft Corp,Zscaler IA ™ + WizCld ™ + CS FALCON,"As part of our strategic initiative for FY2025, Microsoft Corp has been engaged to address recent audit findings. Historical systems such as Palo Alto Networks FW-5000 will be phased out in favour of newer solutions. This order is intended to strengthen defences in the Americas region and includes provisions for both cloud firewall subscription and wizdefnd. Technical integration will be performed in Q3, with expected go-live by 2023-05-22. Additional consideration was given to compliance with GDPR, ISO 27001, and SOC 2 controls.",137855.79,PENDING,2023-06-27
REQ74332,WWT,CISCO FIREPOWER 2000 SERIES + T a n i u m + Wiz Cloud ™,"As part of our strategic initiative for FY2024, WWT has been engaged to address recent audit findings. Technical integration will be performed in Q1, with expected go-live by 2025-10-09. Historical systems such as Palo Alto Networks FW-5000 will be phased out in favour of newer solutions. This order is intended to strengthen defences in the APAC region and includes provisions for both Cisco_FP-2100 and WizCld. Additional consideration was given to compliance with GDPR, ISO 27001, and SOC 2 controls.",226846.4,DRAFT,2023-07-10
REQ87278,Wiz Inc,Firepower_2K_series + W1zCld + Wiz Defend ™ + M i c r o s o f t 3 6 5 E5 ™,"Historical systems such as Old Endpoint Protection will be phased out in favour of newer solutions. Technical integration will be performed in Q3, with expected go-live by 2025-08-27. As part of our strategic initiative for FY2024, Wiz Inc has been engaged to address recent audit findings. Additional consideration was given to compliance with GDPR, ISO 27001, and SOC 2 controls. This order is intended to strengthen defences in the Americas region and includes provisions for both 防火墙设备 and TANIUMMGMT.",488420.48,CANCELLED,2023-07-25
REQ72616,Wiz Inc,z$caler ia + T a n i u m + cs falcon,"Additional consideration was given to compliance with GDPR, ISO 27001, and SOC 2 controls. Technical integration will be performed in Q3, with expected go-live by 2023-01-29. As part of our strategic initiative for FY2023, Wiz Inc has been engaged to address recent audit findings. This order is intended to strengthen defences in the EMEA region and includes provisions for both suscripción de cortafuegos en la nube and T a n i u m. Historical systems such as WizShield will be phased out in favour of newer solutions.",61473.13,DRAFT,2025-03-31
REQ23006,CrowdStrike Inc,wizcld + Tanium_Endpoint,"This order is intended to strengthen defences in the Americas region and includes provisions for both cloud posture management and m i c r o s o f t 3 6 5 e5. As part of our strategic initiative for FY2023, CrowdStrike Inc has been engaged to address recent audit findings. Additional consideration was given to compliance with GDPR, ISO 27001, and SOC 2 controls. Historical systems such as Legacy Firewall will be phased out in favour of newer solutions. Technical integration will be performed in Q2, with expected go-live by 2024-09-14.",474057.15,PENDING,2024-03-08
REQ44816,CrowdStrike Inc,C i s c o   F P 2 K + Z$c@ler IA + WizCld ™,"Additional consideration was given to compliance with GDPR, ISO 27001, and SOC 2 controls. Historical systems such as Old Endpoint Protection will be phased out in favour of newer solutions. As part of our strategic initiative for FY2025, CrowdStrike Inc has been engaged to address recent audit findings. Technical integration will be performed in Q1, with expected go-live by 2023-11-17. This order is intended to strengthen defences in the EMEA region and includes provisions for both Cisco_FP2K and M1cr0s0ft E5.",414182.42,DRAFT,2023-05-03
REQ67963,Tanium Inc,crowdstrike falcon + Wiz_Defnd + M_i_c_r_o_s_o_f_t_3_6_5_E5 + Cisco Firepower 2000 Series ™,"Additional consideration was given to compliance with GDPR, ISO 27001, and SOC 2 controls. This order is intended to strengthen defences in the Americas region and includes provisions for both CrowdStrike_EDR and Z$CALER IA. Technical integration will be performed in Q1, with expected go-live by 2025-08-17. As part of our strategic initiative for FY2024, Tanium Inc has been engaged to address recent audit findings. Historical systems such as WizShield will be phased out in favour of newer solutions.",458456.03,PENDING,2025-06-11
REQ34586,WWT,T a n i u m M g m t + C i s c o   F P 2 K + WizCld,"Additional consideration was given to compliance with GDPR, ISO 27001, and SOC 2 controls. This order is intended to strengthen defences in the APAC region and includes provisions for both Tanium and Zscaler IA ™. Historical systems such as WizShield will be phased out in favour of newer solutions. As part of our strategic initiative for FY2024, WWT has been engaged to address recent audit findings. Technical integration will be performed in Q3, with expected go-live by 2024-10-19.",261627.5,ORDERED,2025-06-24
REQ45838,Microsoft Corp,Z $ c a l e r   I A + C i s c o   F P 2 K + C r o w d S t r i k e   E D R,"As part of our strategic initiative for FY2024, Microsoft Corp has been engaged to address recent audit findings. Additional consideration was given to compliance with GDPR, ISO 27001, and SOC 2 controls. Historical systems such as Old Endpoint Protection will be phased out in favour of newer solutions. Technical integration will be performed in Q4, with expected go-live by 2025-09-19. This order is intended to strengthen defences in the APAC region and includes provisions for both Z$CALER IA and Microsft 365 E5 ™.",210667.72,ORDERED,2025-08-25
REQ52176,WWT,CS FALCON + M i c r o s o f t 3 6 5 E5 ™ + W1zCld,"As part of our strategic initiative for FY2023, WWT has been engaged to address recent audit findings. Additional consideration was given to compliance with GDPR, ISO 27001, and SOC 2 controls. This order is intended to strengthen defences in the EMEA region and includes provisions for both protección de puntos finales and WIZCLD. Historical systems such as Palo Alto Networks FW-5000 will be phased out in favour of newer solutions. Technical integration will be performed in Q2, with expected go-live by 2023-05-23.",435452.83,PENDING,2025-02-23
REQ95823,CC,C S   F a l c o n + C i s c o   F P 2 K,"This order is intended to strengthen defences in the APAC region and includes provisions for both 端点安全 and zscaler internet access. Additional consideration was given to compliance with GDPR, ISO 27001, and SOC 2 controls. Historical systems such as Palo Alto Networks FW-5000 will be phased out in favour of newer solutions. As part of our strategic initiative for FY2025, CC has been engaged to address recent audit findings. Technical integration will be performed in Q4, with expected go-live by 2025-03-01.",485128.61,DRAFT,2025-08-19
REQ49251,Tanium Inc,Z $ c a l e r   I A + Wiz Defend ™ + O365 E5,"This order is intended to strengthen defences in the Americas region and includes provisions for both suscripción de cortafuegos en la nube and Tanium Endpoint ™. Additional consideration was given to compliance with GDPR, ISO 27001, and SOC 2 controls. Historical systems such as Palo Alto Networks FW-5000 will be phased out in favour of newer solutions. As part of our strategic initiative for FY2025, Tanium Inc has been engaged to address recent audit findings. Technical integration will be performed in Q1, with expected go-live by 2024-11-03.",452194.91,DRAFT,2024-10-26
REQ70236,Microsoft Corp,ZSCALER IA + W1z Defnd,"Historical systems such as WizShield will be phased out in favour of newer solutions. Technical integration will be performed in Q2, with expected go-live by 2024-05-15. As part of our strategic initiative for FY2024, Microsoft Corp has been engaged to address recent audit findings. This order is intended to strengthen defences in the APAC region and includes provisions for both Z$c@ler IA and W1z Defend. Additional consideration was given to compliance with GDPR, ISO 27001, and SOC 2 controls.",131386.72,DRAFT,2025-08-10
REQ75107,Cisco Systems,CISCO FP2K + CS FALCON + Wiz Cloud ™,"This order is intended to strengthen defences in the APAC region and includes provisions for both F1rep0wer 2K ser1es and zscaler ia. Additional consideration was given to compliance with GDPR, ISO 27001, and SOC 2 controls. As part of our strategic initiative for FY2025, Cisco Systems has been engaged to address recent audit findings. Historical systems such as WizShield will be phased out in favour of newer solutions. Technical integration will be performed in Q3, with expected go-live by 2025-05-18.",417255.26,CANCELLED,2024-04-16
REQ45720,Zscaler Inc,WizDefnd ™ + M i c r o s f t   3 6 5   E 5 + Tanium_Endpoint,"Historical systems such as Old Endpoint Protection will be phased out in favour of newer solutions. Technical integration will be performed in Q3, with expected go-live by 2023-10-08. As part of our strategic initiative for FY2025, Zscaler Inc has been engaged to address recent audit findings. Additional consideration was given to compliance with GDPR, ISO 27001, and SOC 2 controls. This order is intended to strengthen defences in the Americas region and includes provisions for both Wiz Defnd ™ and Zscaler_Internet_Access.",416083.95,CANCELLED,2025-09-13
REQ71797,Wiz Inc,Zscaler_Internet_Access + W i z   C l 0 u d,"As part of our strategic initiative for FY2023, Tanium Inc has been engaged to address recent audit findings. This order is intended to strengthen defences in the EMEA region and includes provisions for both suscripción de cortafuegos en la nube and TaniumMgmt. Additional consideration was given to compliance with GDPR, ISO 27001, and SOC 2 controls. Technical integration will be performed in Q2, with expected go-live by 2024-04-07. Historical systems such as Palo Alto Networks FW-5000 will be phased out in favour of newer solutions.",17387.2,CANCELLED,2024-03-29
REQ95841,CrowdStrike Inc,T@n1umMgmt + crowdstrike edr,"This order is intended to strengthen defences in the Americas region and includes provisions for both Tanium and C r o w d S t r i k e   E D R. As part of our strategic initiative for FY2025, CrowdStrike Inc has been engaged to address recent audit findings. Historical systems such as WizShield will be phased out in favour of newer solutions. Technical integration will be performed in Q4, with expected go-live by 2023-08-27. Additional consideration was given to compliance with GDPR, ISO 27001, and SOC 2 controls.",54015.71,ORDERED,2025-04-15
REQ86858,Wiz Inc,F1rep0wer 2K ser1es + microsoft e5 + Wiz Defend ™ + Z s c a l e r   I n t e r n e t   A c c e s s,"Technical integration will be performed in Q2, with expected go-live by 2025-01-12. Additional consideration was given to compliance with GDPR, ISO 27001, and SOC 2 controls. As part of our strategic initiative for FY2024, Microsoft Corp has been engaged to address recent audit findings. This order is intended to strengthen defences in the EMEA region and includes provisions for both 防火墙设备 and M i c r o s o f t 3 6 5 E5 ™. Historical systems such as Palo Alto Networks FW-5000 will be phased out in favour of newer solutions.",111895.92,PENDING,2024-11-03
REQ24293,Cisco Systems,Z s c a l e r   I A + Wiz_Defend + W i z   D e f n d,"Additional consideration was given to compliance with GDPR, ISO 27001, and SOC 2 controls. Historical systems such as WizShield will be phased out in favour of newer solutions. This order is intended to strengthen defences in the EMEA region and includes provisions for both Zsc@ler Internet Access and CrowdStrike_Falcon. Technical integration will be performed in Q2, with expected go-live by 2024-05-28. As part of our strategic initiative for FY2023, Cisco Systems has been engaged to address recent audit findings.",228742.68,PENDING,2023-03-30
REQ89354,Tanium Inc,TANIUM ENDPOINT + M i c r o s f t   3 6 5   E 5 + Z$CALER IA,"As part of our strategic initiative for FY2023, Tanium Inc has been engaged to address recent audit findings. Technical integration will be performed in Q4, with expected go-live by 2025-04-02. This order is intended to strengthen defences in the Americas region and includes provisions for both plataforma de gestión de puntos finales and wiz cl0ud. Historical systems such as Legacy Firewall will be phased out in favour of newer solutions. Additional consideration was given to compliance with GDPR, ISO 27001, and SOC 2 controls.",217948.67,DRAFT,2024-03-16
REQ83608,WWT,W i z   C l o u d + C r o w d S t r i k e   F a l c o n + W i z D e f n d,"Technical integration will be performed in Q4, with expected go-live by 2025-05-01. As part of our strategic initiative for FY2024, WWT has been engaged to address recent audit findings. Additional consideration was given to compliance with GDPR, ISO 27001, and SOC 2 controls. This order is intended to strengthen defences in the APAC region and includes provisions for both WizCld and Z$caler_IA. Historical systems such as WizShield will be phased out in favour of newer solutions.",283033.27,DRAFT,2025-04-21
REQ50499,CC,cisco fp-2100 + M I C R O S O F T 3 6 5 E5 + Wiz Cl0ud ™,"This order is intended to strengthen defences in the APAC region and includes provisions for both C1sc0 FP2K and CrowdStrike_Falcon. Technical integration will be performed in Q1, with expected go-live by 2025-11-05. Additional consideration was given to compliance with GDPR, ISO 27001, and SOC 2 controls. Historical systems such as WizShield will be phased out in favour of newer solutions. As part of our strategic initiative for FY2024, CC has been engaged to address recent audit findings.",461161.07,CANCELLED,2023-01-13
REQ67939,Cisco Systems,CS_Falcon + Wiz_Cl0ud + C i s c o   F i r e p o w e r   2 0 0 0   S e r i e s + Zscaler Internet Access ™,"Additional consideration was given to compliance with GDPR, ISO 27001, and SOC 2 controls. Technical integration will be performed in Q2, with expected go-live by 2023-03-04. This order is intended to strengthen defences in the Americas region and includes provisions for both endpoint threat detection and ms 365 e5. Historical systems such as Palo Alto Networks FW-5000 will be phased out in favour of newer solutions. As part of our strategic initiative for FY2023, Cisco Systems has been engaged to address recent audit findings.",210020.95,PENDING,2025-11-15
REQ40161,Zscaler Inc,O365 E5 + Cisco_FP-2100 + crowdstrike falcon,"Historical systems such as WizShield will be phased out in favour of newer solutions. Additional consideration was given to compliance with GDPR, ISO 27001, and SOC 2 controls. As part of our strategic initiative for FY2025, Zscaler Inc has been engaged to address recent audit findings. This order is intended to strengthen defences in the EMEA region and includes provisions for both microsft 365 e5 and Z $ c a l e r   I A. Technical integration will be performed in Q4, with expected go-live by 2025-12-15.",252629.86,CANCELLED,2023-05-28
REQ61873,Microsoft Corp,WIZ CLOUD + MS 365 E5 ™ + F i r e p o w e r   2 K   s e r i e s,"Additional consideration was given to compliance with GDPR, ISO 27001, and SOC 2 controls. Historical systems such as Palo Alto Networks FW-5000 will be phased out in favour of newer solutions. Technical integration will be performed in Q3, with expected go-live by 2025-05-29. This order is intended to strengthen defences in the EMEA region and includes provisions for both wiz cl0ud and T a n i u m   E n d p o i n t. As part of our strategic initiative for FY2023, Microsoft Corp has been engaged to address recent audit findings.",435909.59,CANCELLED,2024-03-29
REQ83989,Cisco Systems,F1rep0wer 2K ser1es + CROWDSTRIK FLACON + Microsft 365 E5 ™,"As part of our strategic initiative for FY2025, Cisco Systems has been engaged to address recent audit findings. This order is intended to strengthen defences in the Americas region and includes provisions for both appliance de seguridad and W1z Cl0ud. Historical systems such as Legacy Firewall will be phased out in favour of newer solutions. Additional consideration was given to compliance with GDPR, ISO 27001, and SOC 2 controls. Technical integration will be performed in Q2, with expected go-live by 2024-12-16.",323280.96,CANCELLED,2024-10-09
REQ84928,WWT,CS_Falcon + Microsoft E5 ™,"Historical systems such as Palo Alto Networks FW-5000 will be phased out in favour of newer solutions. Additional consideration was given to compliance with GDPR, ISO 27001, and SOC 2 controls. This order is intended to strengthen defences in the APAC region and includes provisions for both CrowdStrike_Falcon and tanium endpoint. Technical integration will be performed in Q3, with expected go-live by 2024-07-16. As part of our strategic initiative for FY2025, WWT has been engaged to address recent audit findings.",327659.54,CANCELLED,2025-09-01
REQ83133,CrowdStrike Inc,WizDefnd + cisco fp2k,"Technical integration will be performed in Q1, with expected go-live by 2025-10-30. This order is intended to strengthen defences in the APAC region and includes provisions for both Wiz Defend ™ and zscaler ia. Historical systems such as Legacy Firewall will be phased out in favour of newer solutions. As part of our strategic initiative for FY2024, Cisco Systems has been engaged to address recent audit findings. Additional consideration was given to compliance with GDPR, ISO 27001, and SOC 2 controls.",340797.78,CANCELLED,2024-05-31
REQ38074,Cisco Systems,Tanium ™ + Z$caler IA ™ + Cisco Firepower 2000 Series ™,"Technical integration will be performed in Q3, with expected go-live by 2025-03-13. This order is intended to strengthen defences in the EMEA region and includes provisions for both endpoint management platform and CS FALCON. As part of our strategic initiative for FY2024, Cisco Systems has been engaged to address recent audit findings. Historical systems such as Old Endpoint Protection will be phased out in favour of newer solutions. Additional consideration was given to compliance with GDPR, ISO 27001, and SOC 2 controls.",174157.51,ORDERED,2024-01-29
REQ68841,Cisco Systems,C r o w d S t r i k e   E D R + Zscaler_IA,"As part of our strategic initiative for FY2023, Cisco Systems has been engaged to address recent audit findings. Additional consideration was given to compliance with GDPR, ISO 27001, and SOC 2 controls. Historical systems such as WizShield will be phased out in favour of newer solutions. Technical integration will be performed in Q1, with expected go-live by 2024-11-20. This order is intended to strengthen defences in the EMEA region and includes provisions for both Cr0wdStr1ke EDR and T@n1um.",120831.46,PENDING,2024-09-25
REQ45755,WWT,Zscaler Internet Access ™ + Cisco_FP2K,"Historical systems such as Palo Alto Networks FW-5000 will be phased out in favour of newer solutions. Technical integration will be performed in Q3, with expected go-live by 2025-02-21. This order is intended to strengthen defences in the APAC region and includes provisions for both cloud firewall subscription and WIZ DEFEND. Additional consideration was given to compliance with GDPR, ISO 27001, and SOC 2 controls. As part of our strategic initiative for FY2024, WWT has been engaged to address recent audit findings.",227413.01,PENDING,2025-06-14
REQ28191,Wiz Inc,Microsoft E5 ™ + Wiz_Cl0ud,"Technical integration will be performed in Q1, with expected go-live by 2025-03-22. Historical systems such as Legacy Firewall will be phased out in favour of newer solutions. Additional consideration was given to compliance with GDPR, ISO 27001, and SOC 2 controls. As part of our strategic initiative for FY2024, Wiz Inc has been engaged to address recent audit findings. This order is intended to strengthen defences in the APAC region and includes provisions for both M S   3 6 5   E 5 and T@n1um Endp01nt.",380626.37,ORDERED,2025-07-07
REQ10205,Microsoft Corp,WizDefnd ™ + C r o w d S t r i k e   E D R + TANIUMMGMT,"Technical integration will be performed in Q2, with expected go-live by 2025-12-16. Additional consideration was given to compliance with GDPR, ISO 27001, and SOC 2 controls. Historical systems such as WizShield will be phased out in favour of newer solutions. This order is intended to strengthen defences in the EMEA region and includes provisions for both W1zDefnd and W i z C l d. As part of our strategic initiative for FY2023, Microsoft Corp has been engaged to address recent audit findings.",309330.74,PENDING,2025-05-03
REQ54374,CrowdStrike Inc,CrowdStrike_Falcon + Wiz Cloud ™,"This order is intended to strengthen defences in the APAC region and includes provisions for both CrowdStrike_EDR and WizDefnd ™. Technical integration will be performed in Q1, with expected go-live by 2025-03-10. Additional consideration was given to compliance with GDPR, ISO 27001, and SOC 2 controls. Historical systems such as Legacy Firewall will be phased out in favour of newer solutions. As part of our strategic initiative for FY2025, CrowdStrike Inc has been engaged to address recent audit findings.",407686.89,PENDING,2025-08-09
REQ67272,WWT,T a n i u m   E n d p o i n t + W1z Defnd + WizCld,"Technical integration will be performed in Q4, with expected go-live by 2023-03-17. Additional consideration was given to compliance with GDPR, ISO 27001, and SOC 2 controls. This order is intended to strengthen defences in the EMEA region and includes provisions for both T a n i u m and Firepower_2K_series. Historical systems such as Legacy Firewall will be phased out in favour of newer solutions. As part of our strategic initiative for FY2025, WWT has been engaged to address recent audit findings.",445295.83,ORDERED,2025-03-02
REQ15551,Cisco Systems,Cisco_Firepower_2000_Series + Wiz_Cl0ud + o365 e5,"As part of our strategic initiative for FY2024, Cisco Systems has been engaged to address recent audit findings. Additional consideration was given to compliance with GDPR, ISO 27001, and SOC 2 controls. Historical systems such as Palo Alto Networks FW-5000 will be phased out in favour of newer solutions. This order is intended to strengthen defences in the Americas region and includes provisions for both CISCO FP2K and ZSCALER INTERNET ACCESS. Technical integration will be performed in Q3, with expected go-live by 2023-06-19.",364773.13,CANCELLED,2025-06-09
REQ58623,Microsoft Corp,Cisco FP-2100 ™ + O365_E5,"This order is intended to strengthen defences in the Americas region and includes provisions for both appliance de seguridad and C r o w d S t r i k e   E D R. Technical integration will be performed in Q2, with expected go-live by 2023-03-05. Historical systems such as Palo Alto Networks FW-5000 will be phased out in favour of newer solutions. As part of our strategic initiative for FY2024, Microsoft Corp has been engaged to address recent audit findings. Additional consideration was given to compliance with GDPR, ISO 27001, and SOC 2 controls.",189146.62,DRAFT,2023-10-09
REQ18511,Zscaler Inc,WIZ DEFEND + Firepower 2K series ™ + W1zCld + MS 365 E5,"Additional consideration was given to compliance with GDPR, ISO 27001, and SOC 2 controls. This order is intended to strengthen defences in the APAC region and includes provisions for both wiz defnd and Z $ c a l e r   I A. Historical systems such as WizShield will be phased out in favour of newer solutions. As part of our strategic initiative for FY2023, Zscaler Inc has been engaged to address recent audit findings. Technical integration will be performed in Q1, with expected go-live by 2023-02-23.",277248.59,CANCELLED,2024-09-06
REQ94192,Zscaler Inc,ZSCALER INTERNET ACCESS + W i z   C l o u d + wizdefnd,"Historical systems such as Old Endpoint Protection will be phased out in favour of newer solutions. As part of our strategic initiative for FY2023, Cisco Systems has been engaged to address recent audit findings. This order is intended to strengthen defences in the APAC region and includes provisions for both cloud firewall subscription and CS FALCON. Additional consideration was given to compliance with GDPR, ISO 27001, and SOC 2 controls. Technical integration will be performed in Q2, with expected go-live by 2023-10-12.",41711.68,ORDERED,2025-11-25
REQ26406,Tanium Inc,Firepower 2K series ™ + Crowdstrik_Flacon,"Technical integration will be performed in Q4, with expected go-live by 2025-10-26. This order is intended to strengthen defences in the Americas region and includes provisions for both appliance de seguridad and Microsft_365_E5. As part of our strategic initiative for FY2023, Cisco Systems has been engaged to address recent audit findings. Historical systems such as Old Endpoint Protection will be phased out in favour of newer solutions. Additional consideration was given to compliance with GDPR, ISO 27001, and SOC 2 controls.",314386.07,DRAFT,2025-10-26
REQ99783,Cisco Systems,TANIUM ENDPOINT + W i z   D e f n d,"As part of our strategic initiative for FY2023, Cisco Systems has been engaged to address recent audit findings. This order is intended to strengthen defences in the Americas region and includes provisions for both TANIUMMGMT and O365 E5 ™. Technical integration will be performed in Q3, with expected go-live by 2023-03-26. Historical systems such as Old Endpoint Protection will be phased out in favour of newer solutions. Additional consideration was given to compliance with GDPR, ISO 27001, and SOC 2 controls.",206015.8,ORDERED,2023-05-30
REQ60351,Tanium Inc,TANIUM ENDPOINT + W i z   C l 0 u d + CS F@lc0n,"This order is intended to strengthen defences in the APAC region and includes provisions for both plataforma de gestión de puntos finales and Firepower 2K series ™. Additional consideration was given to compliance with GDPR, ISO 27001, and SOC 2 controls. As part of our strategic initiative for FY2024, Microsoft Corp has been engaged to address recent audit findings. Technical integration will be performed in Q4, with expected go-live by 2024-02-22. Historical systems such as Palo Alto Networks FW-5000 will be phased out in favour of newer solutions.",432761.11,ORDERED,2024-05-23
REQ66482,Cisco Systems,Zsc@ler Internet Access + Wiz_Defnd + W i z   C l o u d + TaniumMgmt ™,"This order is intended to strengthen defences in the Americas region and includes provisions for both zscaler ia and W i z   D e f e n d. As part of our strategic initiative for FY2023, Cisco Systems has been engaged to address recent audit findings. Additional consideration was given to compliance with GDPR, ISO 27001, and SOC 2 controls. Historical systems such as WizShield will be phased out in favour of newer solutions. Technical integration will be performed in Q2, with expected go-live by 2025-10-17.",71297.8,CANCELLED,2025-01-19
REQ15938,CC,Zsc@ler Internet Access + wiz defend + Tanium_Endpoint,"Additional consideration was given to compliance with GDPR, ISO 27001, and SOC 2 controls. Technical integration will be performed in Q2, with expected go-live by 2025-01-12. As part of our strategic initiative for FY2023, CC has been engaged to address recent audit findings. This order is intended to strengthen defences in the EMEA region and includes provisions for both ZSCALER IA and WIZDEFND. Historical systems such as Palo Alto Networks FW-5000 will be phased out in favour of newer solutions.",24262.41,CANCELLED,2025-08-28
REQ86507,WWT,wiz defnd + TANIUMMGMT + zscaler ia,"This order is intended to strengthen defences in the Americas region and includes provisions for both 云防御 and WIZCLD. As part of our strategic initiative for FY2024, WWT has been engaged to address recent audit findings. Technical integration will be performed in Q3, with expected go-live by 2023-11-29. Additional consideration was given to compliance with GDPR, ISO 27001, and SOC 2 controls. Historical systems such as Old Endpoint Protection will be phased out in favour of newer solutions.",157300.53,DRAFT,2025-08-29
REQ72701,Wiz Inc,Cisco FP2K ™ + wiz defend + CrowdStrike EDR ™,"As part of our strategic initiative for FY2023, Wiz Inc has been engaged to address recent audit findings. Technical integration will be performed in Q4, with expected go-live by 2023-10-30. Historical systems such as Palo Alto Networks FW-5000 will be phased out in favour of newer solutions. Additional consideration was given to compliance with GDPR, ISO 27001, and SOC 2 controls. This order is intended to strengthen defences in the Americas region and includes provisions for both C1sc0 F1rep0wer 2000 Ser1es and zscaler internet access.",265111.19,CANCELLED,2023-12-21
REQ61712,Zscaler Inc,wiz cl0ud + zscaler ia,"Technical integration will be performed in Q4, with expected go-live by 2024-01-29. This order is intended to strengthen defences in the APAC region and includes provisions for both W1zCld and CS_Falcon. As part of our strategic initiative for FY2025, Zscaler Inc has been engaged to address recent audit findings. Additional consideration was given to compliance with GDPR, ISO 27001, and SOC 2 controls. Historical systems such as WizShield will be phased out in favour of newer solutions.",410096.84,PENDING,2024-08-17
REQ53292,CC,M 1 c r 0 s 0 f t 3 6 5 E5 + T a n i u m,"Technical integration will be performed in Q3, with expected go-live by 2025-09-08. As part of our strategic initiative for FY2025, Tanium Inc has been engaged to address recent audit findings. Historical systems such as Palo Alto Networks FW-5000 will be phased out in favour of newer solutions. This order is intended to strengthen defences in the APAC region and includes provisions for both M_i_c_r_o_s_o_f_t_3_6_5_E5 and F1rep0wer 2K ser1es. Additional consideration was given to compliance with GDPR, ISO 27001, and SOC 2 controls.",360092.24,DRAFT,2023-10-09
REQ47941,Cisco Systems,M1cr0s0ft E5 + T@n1um Endp01nt,"Historical systems such as Palo Alto Networks FW-5000 will be phased out in favour of newer solutions. Additional consideration was given to compliance with GDPR, ISO 27001, and SOC 2 controls. This order is intended to strengthen defences in the Americas region and includes provisions for both M i c r o s o f t   E 5 and WIZ CL0UD. Technical integration will be performed in Q2, with expected go-live by 2024-08-11. As part of our strategic initiative for FY2024, Cisco Systems has been engaged to address recent audit findings.",438987.87,DRAFT,2024-09-03
REQ77538,CrowdStrike Inc,W1z Defnd + Zscaler Internet Access ™ + Firepower_2K_series,"As part of our strategic initiative for FY2025, CrowdStrike Inc has been engaged to address recent audit findings. Technical integration will be performed in Q4, with expected go-live by 2023-10-02. Historical systems such as Palo Alto Networks FW-5000 will be phased out in favour of newer solutions. Additional consideration was given to compliance with GDPR, ISO 27001, and SOC 2 controls. This order is intended to strengthen defences in the APAC region and includes provisions for both W i z   D e f e n d and T@n1um Endp01nt.",167323.7,ORDERED,2023-07-15
REQ50760,Cisco Systems,CS Falcon ™ + W i z   C l o u d,"Additional consideration was given to compliance with GDPR, ISO 27001, and SOC 2 controls. This order is intended to strengthen defences in the APAC region and includes provisions for both CS_Falcon and FIREPOWER 2K SERIES. As part of our strategic initiative for FY2023, Cisco Systems has been engaged to address recent audit findings. Historical systems such as Old Endpoint Protection will be phased out in favour of newer solutions. Technical integration will be performed in Q3, with expected go-live by 2025-02-24.",346693.74,CANCELLED,2025-01-22
REQ85065,Wiz Inc,WIZ DEFND + CROWDSTRIKE FALCON,"This order is intended to strengthen defences in the EMEA region and includes provisions for both módulo de defensa en la nube and Wiz Cl0ud ™. Technical integration will be performed in Q4, with expected go-live by 2025-02-04. Additional consideration was given to compliance with GDPR, ISO 27001, and SOC 2 controls. As part of our strategic initiative for FY2023, Wiz Inc has been engaged to address recent audit findings. Historical systems such as Palo Alto Networks FW-5000 will be phased out in favour of newer solutions.",270646.78,PENDING,2024-11-02
REQ18357,WWT,ZSCALER INTERNET ACCESS + WizCld ™ + WizDefnd ™ + Cisco Firepower 2000 Series ™,"Historical systems such as Old Endpoint Protection will be phased out in favour of newer solutions. Additional consideration was given to compliance with GDPR, ISO 27001, and SOC 2 controls. Technical integration will be performed in Q4, with expected go-live by 2023-07-06. As part of our strategic initiative for FY2025, WWT has been engaged to address recent audit findings. This order is intended to strengthen defences in the Americas region and includes provisions for both zscaler internet access and WIZ DEFEND.",272875.93,DRAFT,2023-05-22
REQ70686,Microsoft Corp,W i z C l d + ZSCALER INTERNET ACCESS,"Technical integration will be performed in Q4, with expected go-live by 2025-02-05. Historical systems such as Old Endpoint Protection will be phased out in favour of newer solutions. As part of our strategic initiative for FY2023, Microsoft Corp has been engaged to address recent audit findings. Additional consideration was given to compliance with GDPR, ISO 27001, and SOC 2 controls. This order is intended to strengthen defences in the APAC region and includes provisions for both wizcld and Wiz Defend ™.",338382.43,ORDERED,2025-12-25
REQ40715,Wiz Inc,W i z   C l o u d + CROWDSTRIKE FALCON + TaniumMgmt ™,"Technical integration will be performed in Q3, with expected go-live by 2024-01-22. Additional consideration was given to compliance with GDPR, ISO 27001, and SOC 2 controls. Historical systems such as WizShield will be phased out in favour of newer solutions. This order is intended to strengthen defences in the APAC region and includes provisions for both cloud posture management and z$caler ia. As part of our strategic initiative for FY2023, Wiz Inc has been engaged to address recent audit findings.",272181.11,DRAFT,2023-10-14
REQ63511,Tanium Inc,WIZ DEFND + Cisco FP-2100 ™ + MS 365 E5,"As part of our strategic initiative for FY2025, Tanium Inc has been engaged to address recent audit findings. This order is intended to strengthen defences in the Americas region and includes provisions for both 云防御 and cisco fp-2100. Additional consideration was given to compliance with GDPR, ISO 27001, and SOC 2 controls. Technical integration will be performed in Q3, with expected go-live by 2024-04-30. Historical systems such as WizShield will be phased out in favour of newer solutions.",78862.72,ORDERED,2024-01-12
REQ98299,CC,Zscaler_Internet_Access + Wiz_Cloud,"This order is intended to strengthen defences in the EMEA region and includes provisions for both suscripción de cortafuegos en la nube and M I C R O S O F T 3 6 5 E5. Additional consideration was given to compliance with GDPR, ISO 27001, and SOC 2 controls. As part of our strategic initiative for FY2025, WWT has been engaged to address recent audit findings. Historical systems such as WizShield will be phased out in favour of newer solutions. Technical integration will be performed in Q2, with expected go-live by 2025-08-06.",304459.88,DRAFT,2023-05-30
REQ75179,Wiz Inc,CROWDSTRIK FLACON + WizDefnd,"As part of our strategic initiative for FY2024, Wiz Inc has been engaged to address recent audit findings. Technical integration will be performed in Q1, with expected go-live by 2024-03-09. This order is intended to strengthen defences in the EMEA region and includes provisions for both endpoint threat detection and C1sc0 FP2K. Historical systems such as WizShield will be phased out in favour of newer solutions. Additional consideration was given to compliance with GDPR, ISO 27001, and SOC 2 controls.",235672.01,ORDERED,2024-10-17
REQ34123,WWT,crowdstrik flacon + Firepower_2K_series + WizDefnd ™,"Historical systems such as Legacy Firewall will be phased out in favour of newer solutions. This order is intended to strengthen defences in the APAC region and includes provisions for both CrowdStrike_EDR and M1cr0sft 365 E5. As part of our strategic initiative for FY2025, Zscaler Inc has been engaged to address recent audit findings. Additional consideration was given to compliance with GDPR, ISO 27001, and SOC 2 controls. Technical integration will be performed in Q2, with expected go-live by 2023-10-26.",458865.2,DRAFT,2025-12-09
REQ47576,CrowdStrike Inc,m i c r o s o f t 3 6 5 e5 + taniummgmt + taniummgmt,"Technical integration will be performed in Q2, with expected go-live by 2023-05-20. This order is intended to strengthen defences in the EMEA region and includes provisions for both MICROSFT 365 E5 and Zscaler_IA. Historical systems such as Palo Alto Networks FW-5000 will be phased out in favour of newer solutions. Additional consideration was given to compliance with GDPR, ISO 27001, and SOC 2 controls. As part of our strategic initiative for FY2023, CrowdStrike Inc has been engaged to address recent audit findings.",13485.59,ORDERED,2024-01-03
REQ20837,CrowdStrike Inc,Microsft_365_E5 + T a n i u m M g m t + C i s c o   F i r e p o w e r   2 0 0 0   S e r i e s,"This order is intended to strengthen defences in the EMEA region and includes provisions for both cloud productivity suite and wizcld. Historical systems such as Old Endpoint Protection will be phased out in favour of newer solutions. As part of our strategic initiative for FY2023, CrowdStrike Inc has been engaged to address recent audit findings. Additional consideration was given to compliance with GDPR, ISO 27001, and SOC 2 controls. Technical integration will be performed in Q3, with expected go-live by 2024-12-26.",252429.9,ORDERED,2024-11-09
REQ80852,CrowdStrike Inc,W i z D e f n d + CROWDSTRIK FLACON + Tanium,"As part of our strategic initiative for FY2023, CrowdStrike Inc has been engaged to address recent audit findings. Technical integration will be performed in Q4, with expected go-live by 2024-07-09. Historical systems such as Old Endpoint Protection will be phased out in favour of newer solutions. Additional consideration was given to compliance with GDPR, ISO 27001, and SOC 2 controls. This order is intended to strengthen defences in the EMEA region and includes provisions for both 云防御 and O365 E5.",169206.27,PENDING,2023-06-10
REQ42302,Tanium Inc,wizdefnd + Zsc@ler IA,"Historical systems such as Palo Alto Networks FW-5000 will be phased out in favour of newer solutions. This order is intended to strengthen defences in the EMEA region and includes provisions for both 云防御 and Tanium_Endpoint. As part of our strategic initiative for FY2023, Zscaler Inc has been engaged to address recent audit findings. Additional consideration was given to compliance with GDPR, ISO 27001, and SOC 2 controls. Technical integration will be performed in Q1, with expected go-live by 2024-11-28.",357988.72,DRAFT,2024-07-02
REQ88240,CrowdStrike Inc,Cr0wdStr1ke F@lc0n + cisco fp2k,"This order is intended to strengthen defences in the Americas region and includes provisions for both cs falcon and O365_E5. Historical systems such as Palo Alto Networks FW-5000 will be phased out in favour of newer solutions. As part of our strategic initiative for FY2024, CC has been engaged to address recent audit findings. Technical integration will be performed in Q3, with expected go-live by 2023-08-07. Additional consideration was given to compliance with GDPR, ISO 27001, and SOC 2 controls.",301031.68,CANCELLED,2025-02-27
REQ27758,Tanium Inc,M i c r o s f t   3 6 5   E 5 + wiz cloud + wizdefnd + CS_Falcon,"Additional consideration was given to compliance with GDPR, ISO 27001, and SOC 2 controls. As part of our strategic initiative for FY2025, Tanium Inc has been engaged to address recent audit findings. Historical systems such as Legacy Firewall will be phased out in favour of newer solutions. Technical integration will be performed in Q2, with expected go-live by 2025-12-03. This order is intended to strengthen defences in the APAC region and includes provisions for both cloud productivity suite and Cisco_FP-2100.",155805.71,ORDERED,2024-11-11
REQ81516,CC,Zscaler_IA + CROWDSTRIKE EDR + Wiz_Cloud,"This order is intended to strengthen defences in the APAC region and includes provisions for both 云防火墙 and cisco fp-2100. Additional consideration was given to compliance with GDPR, ISO 27001, and SOC 2 controls. As part of our strategic initiative for FY2024, CC has been engaged to address recent audit findings. Historical systems such as WizShield will be phased out in favour of newer solutions. Technical integration will be performed in Q2, with expected go-live by 2024-09-07.",94063.97,DRAFT,2025-08-03
REQ96193,Wiz Inc,TANIUM ENDPOINT + WIZCLD + MS 365 E5,"Historical systems such as Legacy Firewall will be phased out in favour of newer solutions. Additional consideration was given to compliance with GDPR, ISO 27001, and SOC 2 controls. This order is intended to strengthen defences in the APAC region and includes provisions for both Tanium Endpoint ™ and Zscaler Internet Access ™. As part of our strategic initiative for FY2024, Wiz Inc has been engaged to address recent audit findings. Technical integration will be performed in Q4, with expected go-live by 2023-10-13.",334023.47,PENDING,2023-04-01
REQ21253,CC,WIZ DEFND + WIZ CL0UD + Zscaler_Internet_Access,"Additional consideration was given to compliance with GDPR, ISO 27001, and SOC 2 controls. Historical systems such as Legacy Firewall will be phased out in favour of newer solutions. This order is intended to strengthen defences in the APAC region and includes provisions for both 云防御 and crowdstrik flacon. As part of our strategic initiative for FY2023, CC has been engaged to address recent audit findings. Technical integration will be performed in Q1, with expected go-live by 2024-06-13.",62454.32,PENDING,2024-12-14
REQ92543,Zscaler Inc,Cisco_Firepower_2000_Series + Microsoft E5 ™ + Zscaler Internet Access ™ + Crowdstrik_Flacon,"Historical systems such as Palo Alto Networks FW-5000 will be phased out in favour of newer solutions. As part of our strategic initiative for FY2024, Zscaler Inc has been engaged to address recent audit findings. This order is intended to strengthen defences in the EMEA region and includes provisions for both 防火墙设备 and W i z D e f n d. Technical integration will be performed in Q4, with expected go-live by 2023-07-19. Additional consideration was given to compliance with GDPR, ISO 27001, and SOC 2 controls.",96303.63,ORDERED,2025-03-21
REQ55603,Wiz Inc,O365 E5 + W i z C l d + TaniumMgmt ™,"As part of our strategic initiative for FY2024, Wiz Inc has been engaged to address recent audit findings. This order is intended to strengthen defences in the Americas region and includes provisions for both MICROSOFT E5 and CISCO FIREPOWER 2000 SERIES. Additional consideration was given to compliance with GDPR, ISO 27001, and SOC 2 controls. Technical integration will be performed in Q1, with expected go-live by 2024-03-15. Historical systems such as Palo Alto Networks FW-5000 will be phased out in favour of newer solutions.",179232.54,ORDERED,2023-12-20
REQ69113,Zscaler Inc,ZSCALER INTERNET ACCESS + wizcld + wiz defend,"As part of our strategic initiative for FY2024, Tanium Inc has been engaged to address recent audit findings. Historical systems such as Old Endpoint Protection will be phased out in favour of newer solutions. Technical integration will be performed in Q1, with expected go-live by 2024-05-03. Additional consideration was given to compliance with GDPR, ISO 27001, and SOC 2 controls. This order is intended to strengthen defences in the EMEA region and includes provisions for both Zscaler IA ™ and CISCO FP-2100.",311607.94,CANCELLED,2023-01-20
REQ24838,Cisco Systems,W i z C l d + CS F@lc0n,"As part of our strategic initiative for FY2024, Cisco Systems has been engaged to address recent audit findings. Additional consideration was given to compliance with GDPR, ISO 27001, and SOC 2 controls. Historical systems such as Palo Alto Networks FW-5000 will be phased out in favour of newer solutions. Technical integration will be performed in Q4, with expected go-live by 2025-05-01. This order is intended to strengthen defences in the APAC region and includes provisions for both gestión de postura en la nube and Z s c a l e r   I n t e r n e t   A c c e s s.",288493.46,CANCELLED,2025-01-21
REQ37124,Microsoft Corp,W1z Defend + Microsft 365 E5 ™ + Wiz Cl0ud ™,"This order is intended to strengthen defences in the Americas region and includes provisions for both cloud defense module and Cisco_FP2K. Historical systems such as Old Endpoint Protection will be phased out in favour of newer solutions. As part of our strategic initiative for FY2024, Microsoft Corp has been engaged to address recent audit findings. Technical integration will be performed in Q1, with expected go-live by 2024-05-21. Additional consideration was given to compliance with GDPR, ISO 27001, and SOC 2 controls.",403693.04,CANCELLED,2025-12-26
REQ59174,Cisco Systems,C1sc0 FP-2100 + Zscaler Internet Access ™ + CS F@lc0n,"Historical systems such as WizShield will be phased out in favour of newer solutions. This order is intended to strengthen defences in the Americas region and includes provisions for both network firewall appliance and Z s c a l e r   I A. As part of our strategic initiative for FY2024, Cisco Systems has been engaged to address recent audit findings. Additional consideration was given to compliance with GDPR, ISO 27001, and SOC 2 controls. Technical integration will be performed in Q3, with expected go-live by 2025-11-19.",228735.9,DRAFT,2025-04-05
REQ73614,Tanium Inc,W1zDefnd + MS 365 E5 + Tanium_Endpoint,"This order is intended to strengthen defences in the APAC region and includes provisions for both 云防御 and Z$caler IA ™. As part of our strategic initiative for FY2024, Tanium Inc has been engaged to address recent audit findings. Technical integration will be performed in Q1, with expected go-live by 2023-07-10. Additional consideration was given to compliance with GDPR, ISO 27001, and SOC 2 controls. Historical systems such as Palo Alto Networks FW-5000 will be phased out in favour of newer solutions.",395210.31,DRAFT,2023-04-05
REQ10142,WWT,O 3 6 5   E 5 + CS Falcon ™ + W1z Cl0ud + Wiz Cl0ud ™,"Additional consideration was given to compliance with GDPR, ISO 27001, and SOC 2 controls. As part of our strategic initiative for FY2024, WWT has been engaged to address recent audit findings. Historical systems such as Old Endpoint Protection will be phased out in favour of newer solutions. Technical integration will be performed in Q4, with expected go-live by 2023-01-02. This order is intended to strengthen defences in the EMEA region and includes provisions for both Microsft 365 E5 ™ and W1zDefnd.",110643.48,DRAFT,2023-09-29
REQ98753,Wiz Inc,W i z D e f n d + C r o w d S t r i k e   F a l c o n,"Additional consideration was given to compliance with GDPR, ISO 27001, and SOC 2 controls. As part of our strategic initiative for FY2023, Wiz Inc has been engaged to address recent audit findings. Technical integration will be performed in Q1, with expected go-live by 2024-12-04. This order is intended to strengthen defences in the Americas region and includes provisions for both módulo de defensa en la nube and microsft 365 e5. Historical systems such as Palo Alto Networks FW-5000 will be phased out in favour of newer solutions.",75712.27,DRAFT,2023-12-03
REQ96298,Zscaler Inc,W1zCld + Cisco_FP-2100 + W i z   D e f n d + Z$caler IA ™,"This order is intended to strengthen defences in the Americas region and includes provisions for both cloud posture management and MICROSOFT E5. As part of our strategic initiative for FY2024, Zscaler Inc has been engaged to address recent audit findings. Technical integration will be performed in Q4, with expected go-live by 2024-03-20. Historical systems such as Old Endpoint Protection will be phased out in favour of newer solutions. Additional consideration was given to compliance with GDPR, ISO 27001, and SOC 2 controls.",438534.46,PENDING,2025-11-26
REQ11807,CrowdStrike Inc,W1zDefnd + CISCO FP2K,"Historical systems such as Legacy Firewall will be phased out in favour of newer solutions. As part of our strategic initiative for FY2023, Wiz Inc has been engaged to address recent audit findings. Technical integration will be performed in Q4, with expected go-live by 2025-03-01. This order is intended to strengthen defences in the APAC region and includes provisions for both WIZ DEFND and MICROSOFT E5. Additional consideration was given to compliance with GDPR, ISO 27001, and SOC 2 controls.",134781.71,DRAFT,2023-05-04
REQ41278,CC,ZSCALER INTERNET ACCESS + C1sc0 FP-2100,"Additional consideration was given to compliance with GDPR, ISO 27001, and SOC 2 controls. Historical systems such as Palo Alto Networks FW-5000 will be phased out in favour of newer solutions. This order is intended to strengthen defences in the APAC region and includes provisions for both 云防火墙 and Tanium. As part of our strategic initiative for FY2024, CC has been engaged to address recent audit findings. Technical integration will be performed in Q4, with expected go-live by 2023-06-18.",33663.44,DRAFT,2025-06-08
REQ85582,WWT,Microsft 365 E5 ™ + Firepower 2K series ™ + W i z   C l o u d,"This order is intended to strengthen defences in the APAC region and includes provisions for both MS_365_E5 and Z$CALER IA. As part of our strategic initiative for FY2023, WWT has been engaged to address recent audit findings. Additional consideration was given to compliance with GDPR, ISO 27001, and SOC 2 controls. Historical systems such as Old Endpoint Protection will be phased out in favour of newer solutions. Technical integration will be performed in Q1, with expected go-live by 2023-10-09.",315628.75,ORDERED,2025-07-21
REQ42540,Zscaler Inc,W1z Defend + microsoft e5,"Historical systems such as Old Endpoint Protection will be phased out in favour of newer solutions. Technical integration will be performed in Q2, with expected go-live by 2024-06-06. As part of our strategic initiative for FY2024, Zscaler Inc has been engaged to address recent audit findings. Additional consideration was given to compliance with GDPR, ISO 27001, and SOC 2 controls. This order is intended to strengthen defences in the APAC region and includes provisions for both 云防御 and M1cr0s0ft E5.",211047.02,CANCELLED,2024-07-09
REQ35614,CrowdStrike Inc,Z s c a l e r   I A + C i s c o   F P 2 K + T@n1um Endp01nt + WIZ CL0UD,"As part of our strategic initiative for FY2025, CrowdStrike Inc has been engaged to address recent audit findings. Historical systems such as Legacy Firewall will be phased out in favour of newer solutions. Additional consideration was given to compliance with GDPR, ISO 27001, and SOC 2 controls. Technical integration will be performed in Q1, with expected go-live by 2024-01-03. This order is intended to strengthen defences in the APAC region and includes provisions for both cloud firewall subscription and C r o w d S t r i k e   E D R.",367569.35,PENDING,2023-11-05
REQ78125,CC,microsft 365 e5 + T a n i u m   E n d p o i n t,"Additional consideration was given to compliance with GDPR, ISO 27001, and SOC 2 controls. Technical integration will be performed in Q1, with expected go-live by 2024-11-17. As part of our strategic initiative for FY2025, CC has been engaged to address recent audit findings. Historical systems such as WizShield will be phased out in favour of newer solutions. This order is intended to strengthen defences in the EMEA region and includes provisions for both licencia empresarial en la nube and C S   F a l c o n.",209463.12,CANCELLED,2025-07-27
REQ36569,CrowdStrike Inc,Tanium_Endpoint + Cisco FP2K ™,"As part of our strategic initiative for FY2025, CrowdStrike Inc has been engaged to address recent audit findings. Technical integration will be performed in Q4, with expected go-live by 2023-06-03. This order is intended to strengthen defences in the EMEA region and includes provisions for both plataforma de gestión de puntos finales and W1z Defnd. Additional consideration was given to compliance with GDPR, ISO 27001, and SOC 2 controls. Historical systems such as Old Endpoint Protection will be phased out in favour of newer solutions.",72375.36,DRAFT,2023-11-15
REQ44100,Cisco Systems,O365 E5 ™ + Z$CALER IA + W i z   D e f e n d,"Technical integration will be performed in Q1, with expected go-live by 2025-01-03. As part of our strategic initiative for FY2024, Cisco Systems has been engaged to address recent audit findings. Additional consideration was given to compliance with GDPR, ISO 27001, and SOC 2 controls. Historical systems such as WizShield will be phased out in favour of newer solutions. This order is intended to strengthen defences in the APAC region and includes provisions for both MS_365_E5 and C i s c o   F i r e p o w e r   2 0 0 0   S e r i e s.",410944.36,PENDING,2023-03-05
REQ61773,CC,WIZ CL0UD + F i r e p o w e r   2 K   s e r i e s + M i c r o s o f t   E 5 + T a n i u m,"Additional consideration was given to compliance with GDPR, ISO 27001, and SOC 2 controls. This order is intended to strengthen defences in the Americas region and includes provisions for both W1z Cl0ud and Cr0wdstr1k Fl@c0n. Technical integration will be performed in Q4, with expected go-live by 2023-07-28. As part of our strategic initiative for FY2023, WWT has been engaged to address recent audit findings. Historical systems such as Old Endpoint Protection will be phased out in favour of newer solutions.",250582.56,ORDERED,2025-05-23
REQ57069,Zscaler Inc,C r o w d S t r i k e   E D R + Wiz_Defend + Zsc@ler IA,"Technical integration will be performed in Q4, with expected go-live by 2023-11-01. As part of our strategic initiative for FY2024, Zscaler Inc has been engaged to address recent audit findings. Historical systems such as WizShield will be phased out in favour of newer solutions. This order is intended to strengthen defences in the EMEA region and includes provisions for both 端点安全 and Microsft 365 E5 ™. Additional consideration was given to compliance with GDPR, ISO 27001, and SOC 2 controls.",242443.8,ORDERED,2024-12-05
REQ32768,Zscaler Inc,W i z   D e f e n d + Tanium ™ + Crowdstrik_Flacon,"Additional consideration was given to compliance with GDPR, ISO 27001, and SOC 2 controls. Technical integration will be performed in Q3, with expected go-live by 2024-03-24. Historical systems such as Old Endpoint Protection will be phased out in favour of newer solutions. This order is intended to strengthen defences in the APAC region and includes provisions for both módulo de defensa en la nube and microsoft e5. As part of our strategic initiative for FY2023, Zscaler Inc has been engaged to address recent audit findings.",92169.68,CANCELLED,2025-01-04
REQ24538,Cisco Systems,W i z   D e f e n d + taniummgmt + Zsc@ler Internet Access,"Additional consideration was given to compliance with GDPR, ISO 27001, and SOC 2 controls. As part of our strategic initiative for FY2025, Microsoft Corp has been engaged to address recent audit findings. Technical integration will be performed in Q2, with expected go-live by 2025-10-05. This order is intended to strengthen defences in the Americas region and includes provisions for both W i z D e f n d and T a n i u m. Historical systems such as Old Endpoint Protection will be phased out in favour of newer solutions.",424008.04,CANCELLED,2023-05-29
REQ85082,CC,F1rep0wer 2K ser1es + crowdstrik flacon + Tanium Endpoint ™,"Technical integration will be performed in Q3, with expected go-live by 2023-10-07. As part of our strategic initiative for FY2024, CC has been engaged to address recent audit findings. Historical systems such as WizShield will be phased out in favour of newer solutions. Additional consideration was given to compliance with GDPR, ISO 27001, and SOC 2 controls. This order is intended to strengthen defences in the EMEA region and includes provisions for both 防火墙设备 and CrowdStrike EDR ™.",198842.71,DRAFT,2024-01-08
REQ24160,Zscaler Inc,Wiz Defnd ™ + Z$caler_IA,"Technical integration will be performed in Q2, with expected go-live by 2024-11-09. Additional consideration was given to compliance with GDPR, ISO 27001, and SOC 2 controls. As part of our strategic initiative for FY2024, Zscaler Inc has been engaged to address recent audit findings. This order is intended to strengthen defences in the Americas region and includes provisions for both WizDefnd and Zscaler Internet Access ™. Historical systems such as Legacy Firewall will be phased out in favour of newer solutions.",361604.73,DRAFT,2025-03-01
REQ22203,CC,W i z C l d + O365_E5 + Z s c a l e r   I n t e r n e t   A c c e s s,"Additional consideration was given to compliance with GDPR, ISO 27001, and SOC 2 controls. As part of our strategic initiative for FY2024, CC has been engaged to address recent audit findings. Historical systems such as Palo Alto Networks FW-5000 will be phased out in favour of newer solutions. This order is intended to strengthen defences in the APAC region and includes provisions for both 云安全平台 and M1cr0sft 365 E5. Technical integration will be performed in Q3, with expected go-live by 2025-02-07.",172285.54,ORDERED,2023-03-05
REQ93648,Cisco Systems,W i z   C l o u d + CISCO FP2K + Cr0wdStr1ke EDR + M S   3 6 5   E 5,"This order is intended to strengthen defences in the EMEA region and includes provisions for both Wiz Cl0ud ™ and CS Falcon ™. Additional consideration was given to compliance with GDPR, ISO 27001, and SOC 2 controls. As part of our strategic initiative for FY2023, Cisco Systems has been engaged to address recent audit findings. Technical integration will be performed in Q3, with expected go-live by 2024-02-25. Historical systems such as Legacy Firewall will be phased out in favour of newer solutions.",149446.68,DRAFT,2025-08-27
REQ80968,Zscaler Inc,Zscaler_Internet_Access + crowdstrike edr + W1zCld,"This order is intended to strengthen defences in the APAC region and includes provisions for both cloud firewall subscription and tanium endpoint. Historical systems such as Palo Alto Networks FW-5000 will be phased out in favour of newer solutions. Technical integration will be performed in Q3, with expected go-live by 2023-07-06. As part of our strategic initiative for FY2024, CrowdStrike Inc has been engaged to address recent audit findings. Additional consideration was given to compliance with GDPR, ISO 27001, and SOC 2 controls.",209923.39,PENDING,2023-05-05
REQ43801,CC,Zsc@ler Internet Access + C r o w d s t r i k   F l a c o n + T a n i u m   E n d p o i n t,"Additional consideration was given to compliance with GDPR, ISO 27001, and SOC 2 controls. As part of our strategic initiative for FY2025, CC has been engaged to address recent audit findings. Historical systems such as Palo Alto Networks FW-5000 will be phased out in favour of newer solutions. This order is intended to strengthen defences in the APAC region and includes provisions for both Z $ c a l e r   I A and C i s c o   F P - 2 1 0 0. Technical integration will be performed in Q2, with expected go-live by 2025-09-02.",163276.0,DRAFT,2023-06-28
REQ73646,CC,WIZ CL0UD + C r o w d S t r i k e   F a l c o n + Z $ c a l e r   I A,"As part of our strategic initiative for FY2025, CC has been engaged to address recent audit findings. Technical integration will be performed in Q4, with expected go-live by 2023-01-26. This order is intended to strengthen defences in the APAC region and includes provisions for both 云安全平台 and Z s c a l e r   I A. Historical systems such as WizShield will be phased out in favour of newer solutions. Additional consideration was given to compliance with GDPR, ISO 27001, and SOC 2 controls.",288151.5,ORDERED,2023-03-18
REQ63368,Tanium Inc,cs falcon + Wiz Cl0ud ™ + Zsc@ler Internet Access + WizDefnd,"Historical systems such as Palo Alto Networks FW-5000 will be phased out in favour of newer solutions. This order is intended to strengthen defences in the EMEA region and includes provisions for both CrowdStrike_EDR and Z s c a l e r   I A. Additional consideration was given to compliance with GDPR, ISO 27001, and SOC 2 controls. As part of our strategic initiative for FY2023, Tanium Inc has been engaged to address recent audit findings. Technical integration will be performed in Q4, with expected go-live by 2024-11-09.",371767.68,CANCELLED,2023-04-26
REQ68471,Cisco Systems,Wiz_Defend + W1z Cl0ud + taniummgmt,"Historical systems such as Palo Alto Networks FW-5000 will be phased out in favour of newer solutions. This order is intended to strengthen defences in the APAC region and includes provisions for both cloud defense module and Cr0wdStr1ke F@lc0n. Technical integration will be performed in Q1, with expected go-live by 2023-12-22. Additional consideration was given to compliance with GDPR, ISO 27001, and SOC 2 controls. As part of our strategic initiative for FY2023, Cisco Systems has been engaged to address recent audit findings.",92903.93,ORDERED,2024-12-17
REQ50037,Cisco Systems,CISCO FP2K + Wiz Cloud ™ + W1z Cl0ud,"Historical systems such as Legacy Firewall will be phased out in favour of newer solutions. This order is intended to strengthen defences in the Americas region and includes provisions for both C1sc0 FP-2100 and Microsft 365 E5 ™. Technical integration will be performed in Q1, with expected go-live by 2025-03-02. As part of our strategic initiative for FY2024, Cisco Systems has been engaged to address recent audit findings. Additional consideration was given to compliance with GDPR, ISO 27001, and SOC 2 controls.",357806.54,CANCELLED,2025-05-17
REQ41496,Zscaler Inc,Wiz_Cl0ud + Tanium Endpoint ™ + zscaler internet access + Firepower_2K_series,"This order is intended to strengthen defences in the APAC region and includes provisions for both W i z   C l o u d and TaniumMgmt ™. Technical integration will be performed in Q3, with expected go-live by 2025-12-02. As part of our strategic initiative for FY2024, Zscaler Inc has been engaged to address recent audit findings. Additional consideration was given to compliance with GDPR, ISO 27001, and SOC 2 controls. Historical systems such as Old Endpoint Protection will be phased out in favour of newer solutions.",450345.09,ORDERED,2024-10-16
REQ96194,Cisco Systems,TaniumMgmt ™ + Cisco FP-2100 ™,"As part of our strategic initiative for FY2024, Cisco Systems has been engaged to address recent audit findings. This order is intended to strengthen defences in the Americas region and includes provisions for both TANIUM and WIZ CL0UD. Additional consideration was given to compliance with GDPR, ISO 27001, and SOC 2 controls. Historical systems such as Palo Alto Networks FW-5000 will be phased out in favour of newer solutions. Technical integration will be performed in Q3, with expected go-live by 2025-05-07.",438864.92,PENDING,2024-08-24
REQ60026,WWT,O365 E5 + wizcld + zscaler internet access + TANIUMMGMT,"This order is intended to strengthen defences in the Americas region and includes provisions for both O365 E5 and Z$caler_IA. Historical systems such as WizShield will be phased out in favour of newer solutions. Additional consideration was given to compliance with GDPR, ISO 27001, and SOC 2 controls. Technical integration will be performed in Q2, with expected go-live by 2024-11-18. As part of our strategic initiative for FY2025, WWT has been engaged to address recent audit findings.",267270.06,ORDERED,2023-04-21
REQ62873,Cisco Systems,Zscaler IA ™ + T a n i u m + CrowdStrike_EDR + crowdstrik flacon,"Additional consideration was given to compliance with GDPR, ISO 27001, and SOC 2 controls. Technical integration will be performed in Q4, with expected go-live by 2023-10-21. Historical systems such as WizShield will be phased out in favour of newer solutions. This order is intended to strengthen defences in the EMEA region and includes provisions for both cloud firewall subscription and cisco firepower 2000 series. As part of our strategic initiative for FY2024, Cisco Systems has been engaged to address recent audit findings.",217367.6,ORDERED,2025-02-24
REQ74248,Microsoft Corp,microsoft e5 + WIZ CL0UD + F1rep0wer 2K ser1es + CS_Falcon,"Additional consideration was given to compliance with GDPR, ISO 27001, and SOC 2 controls. As part of our strategic initiative for FY2023, Microsoft Corp has been engaged to address recent audit findings. This order is intended to strengthen defences in the EMEA region and includes provisions for both Microsoft E5 ™ and C1sc0 FP-2100. Historical systems such as WizShield will be phased out in favour of newer solutions. Technical integration will be performed in Q3, with expected go-live by 2025-12-23.",182829.19,PENDING,2023-12-04
REQ59840,CC,Z$caler_IA + WIZ CL0UD + Microsoft E5 ™,"This order is intended to strengthen defences in the EMEA region and includes provisions for both Z$c@ler IA and Tanium. Technical integration will be performed in Q2, with expected go-live by 2024-03-08. Historical systems such as Old Endpoint Protection will be phased out in favour of newer solutions. Additional consideration was given to compliance with GDPR, ISO 27001, and SOC 2 controls. As part of our strategic initiative for FY2025, CC has been engaged to address recent audit findings.",66179.56,CANCELLED,2025-08-29
REQ63707,Cisco Systems,TANIUM + WIZ CL0UD + microsoft e5,"Historical systems such as Legacy Firewall will be phased out in favour of newer solutions. As part of our strategic initiative for FY2024, Cisco Systems has been engaged to address recent audit findings. Technical integration will be performed in Q4, with expected go-live by 2023-07-26. Additional consideration was given to compliance with GDPR, ISO 27001, and SOC 2 controls. This order is intended to strengthen defences in the Americas region and includes provisions for both 端点管理系统 and Z$caler IA ™.",151198.84,DRAFT,2025-10-13
REQ15170,Cisco Systems,CrowdStrike_Falcon + Z$c@ler IA,"Technical integration will be performed in Q1, with expected go-live by 2023-08-15. As part of our strategic initiative for FY2023, WWT has been engaged to address recent audit findings. This order is intended to strengthen defences in the EMEA region and includes provisions for both endpoint threat detection and TANIUM. Additional consideration was given to compliance with GDPR, ISO 27001, and SOC 2 controls. Historical systems such as Legacy Firewall will be phased out in favour of newer solutions.",426863.1,CANCELLED,2024-10-02
REQ95045,CrowdStrike Inc,W1zCld + cisco firepower 2000 series,"As part of our strategic initiative for FY2023, CrowdStrike Inc has been engaged to address recent audit findings. Additional consideration was given to compliance with GDPR, ISO 27001, and SOC 2 controls. This order is intended to strengthen defences in the EMEA region and includes provisions for both 云安全平台 and Firepower 2K series ™. Historical systems such as Legacy Firewall will be phased out in favour of newer solutions. Technical integration will be performed in Q2, with expected go-live by 2024-11-04.",443631.32,PENDING,2023-08-20
REQ91033,Microsoft Corp,C r o w d S t r i k e   E D R + wizdefnd + Wiz_Defnd,"Additional consideration was given to compliance with GDPR, ISO 27001, and SOC 2 controls. Technical integration will be performed in Q4, with expected go-live by 2025-06-16. Historical systems such as Palo Alto Networks FW-5000 will be phased out in favour of newer solutions. This order is intended to strengthen defences in the EMEA region and includes provisions for both protección de puntos finales and Cisco Firepower 2000 Series ™. As part of our strategic initiative for FY2025, Microsoft Corp has been engaged to address recent audit findings.",52144.86,PENDING,2025-09-13
REQ68733,CC,F i r e p o w e r   2 K   s e r i e s + CROWDSTRIK FLACON + wiz cl0ud,"Technical integration will be performed in Q2, with expected go-live by 2025-11-01. Historical systems such as Legacy Firewall will be phased out in favour of newer solutions. Additional consideration was given to compliance with GDPR, ISO 27001, and SOC 2 controls. As part of our strategic initiative for FY2023, CC has been engaged to address recent audit findings. This order is intended to strengthen defences in the Americas region and includes provisions for both network firewall appliance and wiz defend.",48569.83,ORDERED,2025-07-04
REQ57617,CrowdStrike Inc,Cisco FP-2100 ™ + taniummgmt + Zscaler_IA,"As part of our strategic initiative for FY2023, CrowdStrike Inc has been engaged to address recent audit findings. Historical systems such as Legacy Firewall will be phased out in favour of newer solutions. Additional consideration was given to compliance with GDPR, ISO 27001, and SOC 2 controls. Technical integration will be performed in Q4, with expected go-live by 2025-04-24. This order is intended to strengthen defences in the Americas region and includes provisions for both network firewall appliance and MICROSOFT E5.",359377.18,DRAFT,2023-07-19
REQ24125,Wiz Inc,Z$caler IA ™ + T a n i u m   E n d p o i n t + C r o w d s t r i k   F l a c o n,"Historical systems such as WizShield will be phased out in favour of newer solutions. As part of our strategic initiative for FY2025, Wiz Inc has been engaged to address recent audit findings. Additional consideration was given to compliance with GDPR, ISO 27001, and SOC 2 controls. This order is intended to strengthen defences in the APAC region and includes provisions for both cloud firewall subscription and cisco fp-2100. Technical integration will be performed in Q3, with expected go-live by 2025-12-05.",379788.92,DRAFT,2023-09-10
REQ54939,WWT,Z$c@ler IA + T@n1umMgmt + Wiz_Defnd,"Historical systems such as Old Endpoint Protection will be phased out in favour of newer solutions. As part of our strategic initiative for FY2024, WWT has been engaged to address recent audit findings. This order is intended to strengthen defences in the Americas region and includes provisions for both ZSCALER IA and TANIUM ENDPOINT. Technical integration will be performed in Q1, with expected go-live by 2025-12-22. Additional consideration was given to compliance with GDPR, ISO 27001, and SOC 2 controls.",485393.37,ORDERED,2023-10-01
REQ97445,CC,CROWDSTRIK FLACON + Z$caler IA ™,"Additional consideration was given to compliance with GDPR, ISO 27001, and SOC 2 controls. This order is intended to strengthen defences in the Americas region and includes provisions for both CS Falcon ™ and Firepower 2K series ™. Technical integration will be performed in Q3, with expected go-live by 2024-03-21. Historical systems such as WizShield will be phased out in favour of newer solutions. As part of our strategic initiative for FY2025, CC has been engaged to address recent audit findings.",356511.2,CANCELLED,2025-05-15
REQ47701,Microsoft Corp,Z$caler_IA + CROWDSTRIK FLACON + Microsoft_E5,"Additional consideration was given to compliance with GDPR, ISO 27001, and SOC 2 controls. Technical integration will be performed in Q2, with expected go-live by 2023-04-19. Historical systems such as Legacy Firewall will be phased out in favour of newer solutions. This order is intended to strengthen defences in the EMEA region and includes provisions for both Zsc@ler IA and Tanium Endpoint ™. As part of our strategic initiative for FY2024, Microsoft Corp has been engaged to address recent audit findings.",348003.36,DRAFT,2025-02-20
REQ66165,CC,WIZ CL0UD + Tanium ™ + Zscaler_Internet_Access,"Technical integration will be performed in Q3, with expected go-live by 2024-02-20. Historical systems such as Legacy Firewall will be phased out in favour of newer solutions. Additional consideration was given to compliance with GDPR, ISO 27001, and SOC 2 controls. This order is intended to strengthen defences in the Americas region and includes provisions for both gestión de postura en la nube and Tanium ™. As part of our strategic initiative for FY2023, CC has been engaged to address recent audit findings.",143160.56,CANCELLED,2023-09-24
REQ80390,Tanium Inc,C S   F a l c o n + Wiz_Defnd + T@n1umMgmt,"This order is intended to strengthen defences in the APAC region and includes provisions for both 端点安全 and Cisco Firepower 2000 Series ™. Technical integration will be performed in Q2, with expected go-live by 2023-03-23. Historical systems such as Palo Alto Networks FW-5000 will be phased out in favour of newer solutions. As part of our strategic initiative for FY2025, Tanium Inc has been engaged to address recent audit findings. Additional consideration was given to compliance with GDPR, ISO 27001, and SOC 2 controls.",204691.45,CANCELLED,2024-03-29
REQ95397,Zscaler Inc,cs falcon + microsoft e5 + WIZ DEFEND,"Additional consideration was given to compliance with GDPR, ISO 27001, and SOC 2 controls. As part of our strategic initiative for FY2023, Zscaler Inc has been engaged to address recent audit findings. This order is intended to strengthen defences in the APAC region and includes provisions for both protección de puntos finales and Microsft 365 E5 ™. Technical integration will be performed in Q4, with expected go-live by 2023-01-19. Historical systems such as WizShield will be phased out in favour of newer solutions.",100293.63,DRAFT,2023-07-16
REQ83149,Microsoft Corp,C r o w d s t r i k   F l a c o n + Zscaler IA ™,"This order is intended to strengthen defences in the EMEA region and includes provisions for both 端点安全 and Cisco FP2K ™. Historical systems such as Old Endpoint Protection will be phased out in favour of newer solutions. Technical integration will be performed in Q4, with expected go-live by 2023-08-01. Additional consideration was given to compliance with GDPR, ISO 27001, and SOC 2 controls. As part of our strategic initiative for FY2025, Microsoft Corp has been engaged to address recent audit findings.",39868.84,PENDING,2024-06-13
REQ46899,CC,W i z   C l 0 u d + Z $ c a l e r   I A,"Technical integration will be performed in Q3, with expected go-live by 2023-02-04. Historical systems such as Palo Alto Networks FW-5000 will be phased out in favour of newer solutions. This order is intended to strengthen defences in the Americas region and includes provisions for both 云安全平台 and Wiz Defend ™. As part of our strategic initiative for FY2024, CC has been engaged to address recent audit findings. Additional consideration was given to compliance with GDPR, ISO 27001, and SOC 2 controls.",383810.75,ORDERED,2025-02-20
REQ55069,Microsoft Corp,W1z Cl0ud + T a n i u m + TANIUM ENDPOINT,"Historical systems such as Old Endpoint Protection will be phased out in favour of newer solutions. Technical integration will be performed in Q4, with expected go-live by 2024-08-27. This order is intended to strengthen defences in the EMEA region and includes provisions for both Wiz Cl0ud ™ and Z$caler_IA. As part of our strategic initiative for FY2023, Microsoft Corp has been engaged to address recent audit findings. Additional consideration was given to compliance with GDPR, ISO 27001, and SOC 2 controls.",109809.79,PENDING,2023-11-26
REQ29974,Wiz Inc,CrowdStrike_EDR + O365 E5 + C i s c o   F P - 2 1 0 0 + Microsft_365_E5,"As part of our strategic initiative for FY2023, Wiz Inc has been engaged to address recent audit findings. Historical systems such as Legacy Firewall will be phased out in favour of newer solutions. This order is intended to strengthen defences in the EMEA region and includes provisions for both protección de puntos finales and Z $ c a l e r   I A. Additional consideration was given to compliance with GDPR, ISO 27001, and SOC 2 controls. Technical integration will be performed in Q1, with expected go-live by 2025-08-02.",284948.24,CANCELLED,2024-10-09
REQ12441,Cisco Systems,WIZCLD + C1sc0 F1rep0wer 2000 Ser1es + Z$CALER IA + WIZ DEFEND,"Additional consideration was given to compliance with GDPR, ISO 27001, and SOC 2 controls. As part of our strategic initiative for FY2023, Cisco Systems has been engaged to address recent audit findings. Technical integration will be performed in Q4, with expected go-live by 2024-07-20. Historical systems such as Old Endpoint Protection will be phased out in favour of newer solutions. This order is intended to strengthen defences in the APAC region and includes provisions for both Wiz_Cl0ud and cisco fp2k.",425545.7,DRAFT,2025-04-09
REQ73373,Cisco Systems,zscaler internet access + WIZDEFND + Tanium ™ + T@n1umMgmt,"Historical systems such as WizShield will be phased out in favour of newer solutions. As part of our strategic initiative for FY2025, Wiz Inc has been engaged to address recent audit findings. Technical integration will be performed in Q4, with expected go-live by 2023-11-01. This order is intended to strengthen defences in the Americas region and includes provisions for both Z$caler IA ™ and F1rep0wer 2K ser1es. Additional consideration was given to compliance with GDPR, ISO 27001, and SOC 2 controls.",469891.75,DRAFT,2024-03-24
REQ59613,WWT,Z$caler_IA + Microsoft E5 ™,"This order is intended to strengthen defences in the EMEA region and includes provisions for both zscaler ia and tanium endpoint. As part of our strategic initiative for FY2024, WWT has been engaged to address recent audit findings. Technical integration will be performed in Q2, with expected go-live by 2023-03-29. Additional consideration was given to compliance with GDPR, ISO 27001, and SOC 2 controls. Historical systems such as WizShield will be phased out in favour of newer solutions.",185821.91,DRAFT,2025-11-24
REQ72759,CC,CISCO FIREPOWER 2000 SERIES + CS F@lc0n + Zsc@ler Internet Access + Z $ c a l e r   I A,"Historical systems such as Palo Alto Networks FW-5000 will be phased out in favour of newer solutions. As part of our strategic initiative for FY2024, CC has been engaged to address recent audit findings. Additional consideration was given to compliance with GDPR, ISO 27001, and SOC 2 controls. Technical integration will be performed in Q3, with expected go-live by 2025-09-24. This order is intended to strengthen defences in the Americas region and includes provisions for both network firewall appliance and W1z Defnd.",242115.48,PENDING,2025-04-21
REQ88753,Wiz Inc,O 3 6 5   E 5 + zscaler internet access,"This order is intended to strengthen defences in the EMEA region and includes provisions for both MICROSFT 365 E5 and CROWDSTRIKE EDR. Historical systems such as Old Endpoint Protection will be phased out in favour of newer solutions. As part of our strategic initiative for FY2023, Wiz Inc has been engaged to address recent audit findings. Additional consideration was given to compliance with GDPR, ISO 27001, and SOC 2 controls. Technical integration will be performed in Q1, with expected go-live by 2023-10-28.",75642.51,PENDING,2025-11-12
REQ80685,Cisco Systems,CISCO FP2K + CROWDSTRIKE FALCON,"Historical systems such as Legacy Firewall will be phased out in favour of newer solutions. Technical integration will be performed in Q4, with expected go-live by 2025-02-28. This order is intended to strengthen defences in the APAC region and includes provisions for both CISCO FP-2100 and Cr0wdStr1ke EDR. Additional consideration was given to compliance with GDPR, ISO 27001, and SOC 2 controls. As part of our strategic initiative for FY2023, Cisco Systems has been engaged to address recent audit findings.",414623.28,ORDERED,2025-12-05
